,Species,x0,y0,x1,y1,x2,y2,x3,y3,x4,y4,x5,y5,x6,y6,x7,y7,x8,y8,x9,y9,x10,y10,x11,y11,x12,y12,x13,y13,x14,y14,x15,y15,x16,y16,x17,y17,x18,y18,x19,y19,x20,y20,x21,y21,x22,y22,x23,y23,x24,y24,x25,y25,x26,y26,x27,y27,x28,y28,x29,y29,x30,y30,x31,y31
lombardorum 352304,lombardorum,1486,865,1416,861,1152,843,1077,841,1000,835,1007,861,1080,819,214,691,253,338,715,235,1037,296,1359,653,1344,734,1422,795,796,698,958,740,1007,757,878,578,1013,647,1024,495,1087,529,1130,731,1140,786,1044,806,1214,769,1293,750,1159,822,1265,790,1340,789,484,444,616,496,852,385
agarici 352575,agarici,1431,800,1355,807,1072,848,984,860,903,867,907,883,994,832,120,832,107,541,539,345,938,317,1303,632,1257,692,1359,745,666,768,843,774,914,789,743,633,919,670,928,530,1000,555,1041,717,1060,789,998,814,1135,759,1218,725,1097,812,1176,766,1256,747,333,590,473,610,721,453
arizonensis 352562,arizonensis,1395,868,1319,858,1056,855,991,861,925,857,922,872,997,834,132,700,170,434,575,281,965,316,1281,687,1243,737,1329,804,704,728,878,768,937,794,787,622,943,685,953,526,1009,549,1039,731,1051,797,1007,813,1116,779,1204,763,1080,825,1157,797,1238,790,348,497,477,541,737,419
largifrontalis 352342,largifrontalis,1475,872,1410,871,1116,894,1013,902,929,902,935,925,1017,878,133,769,184,479,568,348,957,355,1346,714,1305,766,1425,823,697,769,856,793,934,819,754,634,942,690,945,559,1027,588,1076,759,1099,839,1084,845,1211,805,1277,785,1173,852,1265,825,1330,820,365,545,497,584,740,463
largifrontalis 352394,largifrontalis,1486,698,1416,700,1144,755,1039,777,952,789,970,808,1043,751,144,738,176,435,509,279,903,255,1342,548,1294,604,1417,648,705,676,862,682,946,702,749,546,937,574,926,458,1017,479,1091,634,1125,701,1106,709,1215,656,1271,631,1186,705,1268,668,1327,657,342,488,482,522,703,382
lombardorum 352404,lombardorum,1427,815,1350,807,1091,834,1015,842,941,839,948,859,1033,807,157,813,145,476,568,312,933,297,1294,623,1276,698,1354,752,720,739,883,750,940,766,769,593,940,649,938,502,1001,527,1053,698,1075,776,978,806,1145,750,1225,723,1106,806,1204,764,1269,755,381,542,523,567,736,425
lombardorum 352401,lombardorum,1403,794,1326,795,1098,821,1023,832,939,831,944,853,1035,796,144,804,146,462,563,295,932,312,1258,613,1245,692,1332,744,735,737,880,746,937,759,780,606,938,657,935,513,1010,542,1071,720,1080,762,982,797,1134,742,1206,715,1102,795,1192,756,1258,749,371,527,525,564,737,432
lombardorum 352429,lombardorum,1444,777,1360,784,1114,804,1039,807,958,811,974,831,1041,779,171,735,177,406,588,275,897,291,1299,593,1274,667,1362,730,750,706,895,722,947,732,785,561,928,619,910,459,973,482,1059,675,1089,745,1012,773,1157,723,1234,700,1126,779,1216,741,1272,728,401,482,529,516,747,386
largifrontalis 352332,largifrontalis,1481,762,1412,762,1119,810,1010,828,916,838,928,854,1030,793,112,754,150,456,504,299,906,263,1343,592,1310,654,1419,706,667,713,827,726,909,744,715,575,908,604,909,479,1000,499,1067,671,1096,754,1090,756,1212,711,1267,684,1182,757,1265,721,1320,711,326,510,448,545,687,396
pleuralis 352577,pleuralis,1407,780,1354,779,1076,795,899,806,815,803,817,813,918,773,222,688,225,454,582,298,929,289,1310,605,1262,664,1366,723,589,668,764,691,835,711,703,559,862,594,886,477,995,513,1041,665,1059,731,990,749,1129,711,1216,693,1127,757,1185,727,1251,711,390,499,502,526,727,403
sordida 352447,sordida,1492,825,1422,817,1120,841,943,861,854,854,858,875,955,834,97,702,166,443,559,280,978,269,1362,624,1308,683,1434,757,617,711,791,731,875,757,716,585,902,624,934,486,1045,526,1086,705,1106,774,1067,787,1175,740,1260,717,1157,796,1230,760,1300,743,322,496,435,534,724,389
lombardorum 352528,lombardorum,1293,788,1244,785,1057,814,997,823,938,828,938,840,1003,799,368,833,352,580,657,450,906,434,1192,659,1177,710,1243,746,783,764,890,767,933,776,812,660,926,689,918,578,972,595,1024,725,1042,772,963,801,1087,750,1145,731,1064,795,1122,759,1176,748,525,626,625,642,774,530
arizonensis 352598,arizonensis,1409,802,1351,802,1105,813,1051,817,986,823,989,838,1049,796,226,731,233,464,604,291,988,308,1304,638,1276,689,1355,750,766,713,927,736,988,751,845,618,990,670,989,513,1042,527,1083,702,1096,762,1040,782,1151,740,1231,719,1121,787,1189,753,1262,740,404,527,526,564,778,424
lombardorum 352309,lombardorum,1428,930,1347,928,1096,943,1034,943,953,942,966,959,1039,912,168,844,197,521,606,380,946,395,1299,750,1281,817,1357,870,755,831,899,853,956,871,803,696,954,758,953,605,1013,634,1062,820,1081,883,1003,905,1161,859,1237,849,1122,916,1218,882,1275,880,394,603,531,637,750,508
largifrontalis 352335,largifrontalis,1393,854,1330,839,1041,858,925,866,846,859,849,878,942,838,82,693,151,417,496,298,856,309,1278,664,1228,717,1346,787,615,710,771,740,846,769,672,576,848,627,853,516,939,549,990,700,1023,799,1015,800,1123,763,1185,744,1105,809,1181,783,1235,775,299,482,414,523,648,408
M_tecticauda_366199,tecticauda,4724,2449,4385,2425,3490,2481,3137,2510,2921,2515,2958,2578,3152,2439,319,2092,366,1181,1738,663,2963,631,4265,1811,4136,2012,4447,2209,2088,2080,2685,2145,2929,2199,2383,1673,2936,1837,2948,1340,3192,1424,3362,2023,3437,2290,3288,2334,3706,2213,3955,2140,3615,2362,3853,2260,4073,2219,1025,1379,1413,1487,2259,1018
agarici 352516,agarici,1427,741,1350,747,1079,774,1002,782,926,787,928,803,1015,753,108,734,123,450,551,273,927,265,1300,568,1261,630,1360,683,697,691,863,700,928,714,761,563,927,606,928,463,990,476,1039,644,1062,719,981,744,1122,696,1203,664,1098,745,1166,706,1238,687,337,501,469,526,720,385
lombardorum 352433,lombardorum,1422,882,1360,872,1111,858,1035,859,962,855,953,867,1043,839,211,811,247,497,674,341,996,347,1311,676,1290,752,1371,813,747,751,913,770,966,782,836,632,973,681,982,550,1047,583,1081,737,1097,801,968,851,1124,794,1233,773,1092,860,1174,812,1263,803,460,550,592,582,810,458
lombardorum 352451,lombardorum,1474,788,1393,782,1137,794,1059,801,987,798,995,821,1071,770,201,756,196,422,617,261,953,268,1329,597,1311,666,1390,727,777,700,926,711,983,728,825,560,974,617,966,475,1034,495,1097,675,1120,739,1013,774,1176,719,1263,696,1136,775,1223,731,1295,721,426,491,564,525,763,392
agarici 352514,agarici,1331,821,1266,814,1032,808,972,803,907,791,911,808,986,775,245,611,276,361,670,287,985,339,1244,649,1199,695,1281,758,704,650,869,696,920,727,806,566,937,628,956,511,1005,532,1021,687,1029,751,995,757,1104,736,1168,721,1079,774,1142,752,1200,749,467,445,575,490,794,410
lombardorum 352461,lombardorum,1386,707,1315,709,1088,744,1013,766,938,777,944,794,1013,743,228,795,195,502,578,325,874,306,1239,554,1232,618,1310,661,738,704,878,698,933,707,782,573,918,605,899,484,971,499,1051,650,1071,696,979,734,1123,672,1194,643,1093,727,1169,681,1237,664,416,543,534,560,722,420
largifrontalis 352386,largifrontalis,1565,745,1463,758,1176,809,1040,838,941,848,956,865,1070,807,100,788,145,542,537,369,944,335,1403,623,1354,674,1471,717,679,746,860,752,945,769,750,619,943,648,945,533,1055,556,1125,705,1157,770,1176,764,1272,725,1331,702,1258,764,1341,736,1395,727,327,568,455,593,716,453
largifrontalis 352376,largifrontalis,1542,759,1461,756,1169,793,1037,814,954,820,963,833,1060,781,148,774,152,472,542,295,926,267,1386,579,1345,637,1472,701,683,700,868,705,953,728,756,565,945,596,939,475,1035,497,1111,658,1144,736,1067,758,1217,700,1297,673,1195,758,1276,715,1348,695,359,518,492,546,727,395
pleuralis 352572,pleuralis,1455,884,1415,879,1087,882,872,878,771,864,776,881,889,849,114,635,190,411,566,292,965,307,1374,690,1324,744,1429,818,555,694,723,729,804,766,668,578,856,632,901,505,1021,551,1059,731,1077,813,1064,812,1183,789,1270,776,1175,833,1237,810,1307,803,326,469,437,512,710,406
largifrontalis 352324,largifrontalis,1494,799,1440,796,1165,822,1057,835,970,838,985,852,1069,800,164,716,193,423,593,269,975,275,1379,628,1334,680,1456,744,708,698,895,719,971,747,786,556,971,608,972,482,1056,508,1119,684,1146,765,1129,773,1229,730,1301,706,1215,779,1294,746,1346,736,378,487,510,522,767,387
lombardorum 352315,lombardorum,1374,757,1307,740,1060,759,990,770,925,772,937,785,997,742,116,720,150,408,551,250,901,254,1238,562,1220,639,1315,689,735,680,871,692,926,705,771,549,920,603,912,457,978,479,1037,666,1049,705,965,733,1112,681,1186,657,1079,733,1164,694,1230,687,347,469,480,501,703,368
agarici 352517,agarici,1455,791,1384,794,1092,810,1026,812,935,812,939,833,1036,782,127,687,169,433,594,270,981,273,1338,611,1294,668,1390,726,692,691,873,709,944,732,778,560,956,611,969,472,1032,494,1066,662,1083,755,1032,766,1153,728,1242,702,1135,774,1199,743,1272,724,364,478,494,511,765,380
largifrontalis 352346,largifrontalis,1518,706,1426,710,1150,759,1031,780,951,783,961,802,1051,744,161,700,207,411,540,266,919,245,1353,552,1305,604,1432,661,703,657,859,668,944,693,748,533,938,564,932,449,1020,467,1094,634,1123,700,1112,706,1221,658,1272,631,1198,706,1271,668,1330,660,365,463,494,502,715,364
agarici 352465,agarici,1437,778,1375,774,1072,795,1011,799,926,795,926,813,1022,762,115,700,161,422,585,260,949,251,1330,591,1282,644,1387,710,662,670,857,691,931,713,773,553,935,595,941,461,1000,480,1039,640,1059,736,1000,751,1146,709,1230,681,1114,757,1192,721,1270,707,357,470,483,503,744,366
sulphurizona 352453,sulphurizona,1449,792,1375,786,1085,808,999,813,919,809,921,825,1007,781,160,676,188,429,575,270,1004,291,1327,619,1295,660,1388,736,674,681,851,704,926,730,761,573,943,625,965,484,1035,503,1064,675,1075,745,1029,757,1152,715,1235,696,1127,768,1200,735,1277,723,357,476,490,523,763,401
lombardorum 352431,lombardorum,1453,931,1373,908,1115,895,1041,891,957,881,961,905,1046,859,131,727,216,362,692,269,1063,313,1351,698,1315,765,1385,843,776,753,913,787,970,807,834,608,990,691,1021,535,1082,567,1103,757,1105,828,1003,855,1163,807,1251,795,1123,868,1208,828,1278,821,435,479,571,534,819,420
sulphurizona 352489,sulphurizona,1417,869,1337,856,1034,863,944,861,870,851,872,867,949,837,110,675,186,386,615,257,1037,313,1307,670,1274,717,1359,796,660,713,823,745,895,779,755,585,928,655,974,514,1035,542,1030,713,1032,787,981,807,1118,768,1208,747,1080,821,1167,788,1243,779,359,469,499,522,778,413
M_warreni_366197,warreni,4500,2437,4237,2434,3436,2471,3046,2528,2841,2516,2887,2593,3077,2450,527,2191,551,1280,1702,775,2939,716,4097,1877,3980,2068,4266,2249,2121,2127,2628,2188,2856,2249,2329,1731,2875,1908,2899,1454,3180,1561,3335,2110,3393,2310,3207,2366,3616,2239,3843,2175,3518,2386,3757,2283,3956,2250,1142,1452,1548,1566,2265,1128
largifrontalis 352343,largifrontalis,1468,709,1396,704,1107,737,984,752,893,752,914,773,1001,724,102,628,150,317,543,172,932,192,1323,520,1284,585,1406,648,645,611,816,628,895,657,724,469,905,520,915,390,1005,419,1063,608,1086,677,1071,683,1183,638,1248,612,1166,690,1242,655,1297,642,335,387,474,430,715,299
arizonensis 352548,arizonensis,1416,788,1352,795,1126,804,1067,810,1005,812,1004,826,1071,784,277,704,296,462,708,314,1028,330,1316,642,1288,692,1363,743,791,705,963,731,1014,747,895,617,1017,664,1023,522,1073,536,1107,696,1118,756,1068,769,1172,739,1252,717,1144,776,1205,750,1280,738,482,521,586,552,836,426
largifrontalis 352390,largifrontalis,1441,860,1378,854,1104,861,978,868,890,865,905,887,982,841,101,711,168,431,568,310,966,332,1319,674,1278,733,1390,796,663,725,829,750,901,785,736,596,922,657,939,534,1030,567,1074,742,1090,796,1042,816,1157,775,1233,753,1140,825,1214,793,1284,789,346,501,476,543,727,433
largifrontalis 352352,largifrontalis,1500,747,1454,743,1152,769,1030,781,938,784,944,801,1043,748,104,664,156,349,530,204,952,205,1385,559,1338,614,1462,683,678,641,848,659,938,691,735,495,941,543,947,418,1038,444,1097,620,1128,710,1103,719,1222,667,1293,649,1201,723,1280,689,1340,676,333,413,477,458,731,321
largifrontalis 352328,largifrontalis,1347,783,1287,782,1007,795,900,807,821,811,831,820,915,778,105,718,138,448,479,322,836,317,1227,611,1187,662,1290,731,572,681,741,696,819,723,644,557,827,602,832,491,902,508,958,658,987,744,908,764,1055,718,1131,696,1024,773,1107,735,1175,722,310,500,449,531,652,422
albizona-4,albizona,4524,2462,4254,2445,3279,2514,2977,2534,2747,2536,2759,2589,3035,2420,230,2059,401,1199,1878,696,3070,762,4086,1860,3995,2059,4307,2265,1952,2083,2579,2181,2798,2258,2363,1723,2866,1884,2947,1440,3161,1520,3222,2035,3255,2309,3149,2339,3555,2219,3847,2145,3461,2369,3711,2269,3975,2239,1015,1409,1395,1527,2315,1107
nigra 352554,nigra,1407,843,1350,842,1098,856,991,864,917,863,919,875,1005,838,248,730,309,482,694,359,1025,373,1308,675,1273,727,1358,787,718,739,874,766,935,792,819,636,958,676,985,559,1058,583,1080,734,1090,800,1046,811,1157,777,1233,756,1133,818,1199,790,1260,777,470,548,570,583,815,467
M_tecticauda_366196,tecticauda,4775,2612,4433,2598,3501,2598,3161,2618,2910,2605,2951,2683,3197,2520,363,2109,328,1262,1808,679,3236,787,4317,1946,4176,2153,4480,2391,1975,2118,2689,2216,2966,2299,2401,1716,3028,1951,3116,1462,3348,1557,3438,2166,3471,2398,3238,2455,3669,2350,3993,2277,3604,2498,3845,2406,4128,2375,1037,1442,1599,1542,2464,1143
nigra 352454,nigra,1397,764,1328,758,1038,775,938,778,861,773,861,784,948,752,165,651,201,403,594,255,944,261,1278,587,1236,629,1332,704,649,653,814,679,872,704,742,544,891,583,911,456,983,479,1011,632,1028,713,968,728,1105,691,1193,664,1079,736,1152,705,1229,691,374,461,483,492,731,369
arizonensis 352445,arizonensis,1405,836,1347,832,1051,832,978,833,904,829,899,846,987,806,77,650,120,373,549,228,928,245,1295,647,1262,706,1354,772,659,683,843,723,906,746,756,579,911,642,919,476,984,502,1023,694,1040,772,1004,782,1123,749,1215,734,1084,793,1162,762,1242,759,313,439,427,482,695,351
agarici 352507,agarici,1444,715,1370,741,1093,838,1032,861,945,884,955,898,1037,820,118,1000,53,731,434,433,811,321,1283,576,1252,644,1364,675,662,837,845,801,926,805,708,680,898,680,862,535,934,542,1018,701,1065,784,990,822,1123,744,1212,694,1118,795,1180,745,1250,706,276,718,409,714,635,495
aterrima 352545,aterrima,1417,659,1345,685,1075,805,987,845,910,875,917,890,996,814,218,992,124,756,449,476,757,362,1240,546,1221,608,1338,633,620,830,812,788,885,791,690,680,850,667,815,557,900,556,987,679,1046,762,1043,765,1129,692,1189,645,1118,743,1179,692,1240,657,335,728,447,722,614,531
lombardorum 352432,lombardorum,1491,804,1431,800,1191,858,1132,872,1055,886,1064,906,1132,842,178,989,88,633,481,368,926,294,1343,603,1346,681,1435,748,803,819,964,803,1034,808,809,664,1015,697,978,534,1047,548,1127,722,1159,798,1080,848,1204,766,1282,728,1195,830,1261,775,1325,747,335,658,517,666,717,483
sordida 352579,sordida,1417,730,1345,734,1062,770,902,804,828,812,836,822,910,781,134,735,156,504,517,317,879,292,1274,565,1233,621,1349,674,576,700,760,701,836,721,675,572,848,600,862,476,956,497,1022,658,1043,717,992,734,1106,689,1188,657,1085,736,1154,700,1227,679,315,535,436,553,677,411
arizonensis 352558,arizonensis,1438,678,1357,704,1073,794,1014,812,952,828,960,840,1014,779,169,881,129,615,476,385,824,298,1256,547,1245,603,1344,645,719,764,870,747,937,752,762,646,913,654,878,507,937,511,1010,665,1048,742,1046,744,1137,683,1211,647,1113,736,1181,689,1258,663,313,643,423,652,647,457
pleuralis 352564,pleuralis,1448,816,1388,814,1063,838,857,851,761,846,765,852,878,816,124,681,161,470,504,303,857,277,1330,623,1287,687,1400,753,523,697,699,718,781,743,628,573,801,604,823,473,943,509,1007,685,1037,769,1012,777,1129,743,1219,719,1124,788,1188,760,1261,741,304,502,404,527,650,389
M_tecticauda_366208,tecticauda,4760,2537,4471,2522,3607,2583,3350,2612,3117,2616,3153,2674,3374,2530,303,2166,370,1308,1586,732,3110,728,4332,1937,4211,2138,4490,2336,2279,2216,2841,2277,3117,2341,2426,1765,3114,1987,3113,1506,3341,1590,3493,2156,3563,2417,3485,2438,3817,2328,4054,2264,3747,2461,3950,2369,4167,2333,957,1436,1454,1576,2292,1147
largifrontalis 352330,largifrontalis,1409,783,1343,778,1096,796,986,808,913,801,918,825,1007,778,181,706,213,429,579,303,936,292,1291,619,1252,664,1358,724,697,691,845,706,910,731,756,564,917,614,925,493,1007,521,1059,684,1077,739,1017,760,1139,715,1204,693,1122,764,1188,731,1246,719,388,493,507,531,733,406
largifrontalis 352341,largifrontalis,1376,750,1320,750,1049,790,951,800,875,800,891,819,978,769,147,667,186,421,543,304,879,307,1271,602,1224,655,1331,704,639,670,802,693,872,711,715,559,876,592,873,485,948,503,1000,648,1028,739,1060,730,1145,696,1192,673,1133,736,1195,713,1251,709,348,477,460,509,680,398
pleuralis 352538,pleuralis,1437,630,1372,655,1080,762,887,817,804,834,801,847,910,774,178,861,145,634,440,411,774,298,1272,492,1239,560,1351,603,555,761,714,735,797,734,619,623,790,611,784,488,900,488,994,628,1037,692,977,726,1116,653,1193,612,1123,698,1180,653,1242,624,305,636,409,637,597,459
lombardorum 352423,lombardorum,1468,829,1376,823,1141,868,1070,879,992,883,998,904,1074,853,215,870,181,561,585,382,924,364,1297,669,1301,740,1383,783,775,800,938,810,985,819,824,674,972,712,953,574,1029,597,1098,762,1124,821,1066,836,1207,785,1274,765,1174,834,1272,802,1327,794,415,611,543,639,741,494
lombardorum 352400,lombardorum,1369,623,1288,630,1073,688,1015,709,943,723,956,738,1014,683,244,835,155,518,534,318,863,306,1200,475,1198,534,1291,577,743,670,880,658,930,663,754,535,911,560,886,428,936,437,1020,589,1046,639,962,695,1084,611,1150,569,1075,673,1134,616,1193,590,409,543,584,542,741,410
lombardorum 352439,lombardorum,1530,760,1448,758,1205,775,1142,782,1067,784,1068,800,1150,754,271,808,262,544,654,347,994,315,1366,594,1354,647,1440,702,844,717,995,714,1054,724,892,595,1043,630,1025,505,1089,526,1157,674,1180,723,1081,778,1195,713,1289,676,1196,773,1250,726,1330,698,466,574,588,589,795,449
sordida 352576,sordida,1449,647,1367,666,1099,764,929,821,856,833,865,845,939,792,118,854,122,599,474,356,862,269,1274,510,1235,574,1363,612,593,749,776,729,859,739,677,601,860,609,859,475,965,483,1044,644,1073,706,1064,709,1155,653,1212,608,1150,698,1198,655,1260,625,292,611,415,618,649,431
largifrontalis 352340,largifrontalis,1396,681,1324,684,1037,742,931,762,845,763,856,785,947,730,117,691,154,411,491,263,837,245,1258,543,1212,594,1334,635,632,654,773,663,840,684,675,520,842,555,840,443,926,462,985,618,1015,694,1036,684,1140,641,1191,618,1115,681,1194,653,1258,647,316,460,431,495,648,360
agarici 352536,agarici,1443,771,1378,787,1115,833,1036,847,972,852,976,865,1039,823,194,851,176,585,582,381,916,349,1321,629,1281,681,1374,725,748,774,908,766,970,781,805,644,957,672,942,541,1005,555,1070,711,1094,779,1036,803,1164,750,1244,715,1140,800,1207,757,1277,733,388,615,511,632,743,470
pleuralis 352600,pleuralis,1379,867,1328,865,1020,882,801,889,712,877,716,891,824,854,58,714,102,482,460,328,871,321,1282,684,1233,737,1324,808,487,730,656,753,742,779,592,612,780,649,816,525,936,561,982,732,1000,811,944,821,1081,788,1172,769,1076,839,1137,808,1206,792,250,527,369,567,623,440
nigra 352484,nigra,1437,822,1367,821,1065,840,960,846,887,841,887,858,969,816,125,667,212,402,642,270,975,274,1325,643,1281,692,1380,769,692,711,851,745,903,768,785,588,921,635,946,496,1018,518,1046,686,1059,778,1046,781,1161,743,1238,719,1131,790,1204,757,1274,747,377,471,464,504,742,378
nigra 352499,nigra,1473,749,1392,758,1090,813,965,839,883,845,889,864,973,808,145,831,141,550,564,328,935,278,1316,574,1290,633,1394,693,645,752,821,749,889,768,741,615,901,638,914,495,1005,509,1051,679,1075,752,998,781,1141,719,1239,680,1118,777,1193,728,1274,701,350,586,474,602,722,427
agarici 352510,agarici,1439,691,1373,710,1097,804,1020,826,949,839,951,854,1022,798,216,937,136,703,477,423,861,316,1293,552,1263,615,1366,646,609,783,848,749,938,758,718,636,918,645,896,523,962,523,1030,666,1071,748,1003,786,1139,714,1219,666,1114,766,1178,711,1247,670,349,675,502,664,688,486
mikejohnsoni 352588,mikejohnsoni,1396,794,1340,794,1098,826,978,845,902,845,909,858,991,816,260,804,234,537,585,377,933,354,1288,639,1262,700,1336,745,680,738,841,745,912,762,755,617,915,653,922,527,1004,553,1058,700,1084,772,1004,796,1148,751,1221,728,1124,797,1192,762,1258,749,437,574,568,596,761,466
pleuralis 352553,pleuralis,1410,820,1328,826,1034,845,829,852,741,848,750,859,843,820,104,696,179,470,506,338,876,321,1265,637,1222,703,1320,766,514,691,682,721,766,750,622,586,799,622,827,510,945,549,995,709,1011,770,957,783,1094,752,1176,731,1090,798,1150,770,1214,756,298,518,391,556,651,427
largifrontalis 352395,largifrontalis,1476,740,1442,738,1148,784,1021,806,927,812,933,831,1037,772,124,713,164,410,531,260,888,238,1365,575,1322,630,1449,685,679,679,842,692,921,720,725,534,912,569,903,451,1003,478,1083,645,1124,726,1109,734,1225,680,1284,651,1191,737,1276,696,1346,685,342,467,458,502,691,358
albizona-9,albizona,4458,2391,4084,2435,3140,2512,2872,2522,2650,2531,2650,2574,2895,2435,224,2048,336,1259,1751,782,2896,829,3898,1886,3807,2085,4112,2261,1870,2101,2482,2204,2686,2280,2251,1754,2742,1895,2804,1464,2998,1536,3069,2032,3111,2323,3069,2333,3431,2230,3699,2162,3353,2362,3578,2276,3819,2247,915,1475,1262,1576,2214,1141
lombardorum 352415,lombardorum,1358,749,1281,734,1032,722,968,724,888,721,889,736,973,702,148,611,212,329,641,197,943,224,1234,547,1212,619,1289,683,688,604,848,628,897,642,776,487,905,546,919,416,983,446,1011,602,1024,670,930,692,1079,655,1166,637,1045,705,1123,670,1200,668,404,396,513,432,747,319
agarici 352515,agarici,1393,783,1320,782,1066,795,1000,801,930,797,940,814,1009,771,149,682,176,410,597,261,934,268,1287,616,1242,666,1329,727,723,685,882,713,935,732,791,567,935,617,935,480,995,499,1036,664,1055,745,1015,756,1131,719,1206,696,1098,761,1162,731,1237,719,377,469,482,504,736,371
arizonensis 352532,arizonensis,1436,845,1369,836,1094,827,1024,827,950,823,947,836,1027,801,146,644,194,377,625,256,1010,298,1329,663,1297,712,1378,784,727,691,896,726,963,755,816,584,976,650,991,498,1045,519,1077,699,1086,770,1033,785,1156,755,1247,739,1116,797,1199,771,1287,770,381,458,505,502,778,393
sulphurizona 352566,sulphurizona,1430,765,1360,766,1093,802,1011,812,942,825,945,839,1010,789,186,752,203,508,622,312,984,308,1305,598,1274,648,1364,710,703,723,881,724,945,749,802,602,958,638,967,500,1031,519,1066,674,1083,743,1040,760,1142,714,1228,684,1125,762,1191,727,1260,704,388,548,507,571,766,424
largifrontalis 352345,largifrontalis,1472,785,1412,786,1140,822,1024,842,931,848,938,862,1037,809,158,744,186,460,553,312,919,298,1341,622,1300,677,1424,737,677,714,852,734,926,760,753,592,925,628,924,500,1018,529,1089,697,1116,767,1094,775,1199,727,1267,703,1188,779,1260,747,1316,731,367,519,483,553,720,413
tecticauda,tecticauda,1471,873,1384,877,1099,909,992,919,923,918,934,931,999,886,115,782,135,530,508,359,987,354,1340,691,1294,755,1387,818,662,787,845,806,933,839,731,655,947,720,963,570,1039,596,1072,772,1091,845,1083,853,1176,814,1245,792,1155,858,1227,830,1292,818,308,575,463,607,734,474
albizona-6,albizona,4783,2454,4488,2412,3502,2446,3163,2472,2939,2480,2958,2557,3197,2375,323,1987,460,1146,1949,599,3265,661,4336,1787,4233,1988,4569,2216,2096,2027,2751,2124,2986,2212,2501,1650,3058,1814,3137,1374,3370,1453,3440,1977,3475,2240,3311,2292,3716,2169,4043,2093,3645,2326,3888,2223,4160,2177,1096,1327,1502,1456,2462,1024
nigra 352470,nigra,1396,811,1325,803,1012,800,905,804,829,791,828,807,918,770,87,646,140,373,594,232,949,251,1282,615,1238,667,1334,741,615,662,791,694,848,719,730,551,872,600,900,463,975,490,996,657,1007,736,927,756,1088,721,1191,696,1049,771,1135,736,1222,723,336,445,446,483,725,354
nigra 352589,nigra,1429,690,1357,710,1061,782,958,808,883,822,893,831,970,776,179,829,161,558,549,338,888,274,1271,538,1247,598,1351,653,661,736,819,730,883,744,736,604,886,620,885,486,964,495,1017,650,1044,723,1004,744,1126,681,1209,641,1105,733,1171,686,1247,660,357,592,457,605,688,417
lombardorum 352592,lombardorum,1262,782,1209,784,1039,801,986,808,933,813,940,821,995,786,388,798,369,566,663,434,914,434,1165,662,1151,708,1212,746,784,749,891,757,928,764,814,649,924,685,921,584,969,595,1011,722,1024,761,955,786,1058,745,1123,728,1042,786,1102,757,1151,748,530,614,635,627,776,529
M_tecticauda_366202,tecticauda,4759,2647,4498,2627,3638,2656,3426,2668,3214,2660,3257,2722,3455,2578,466,2153,492,1238,1938,756,3291,810,4364,2049,4270,2251,4511,2438,2410,2237,2989,2323,3226,2396,2692,1878,3238,2087,3259,1583,3454,1665,3564,2254,3608,2483,3521,2510,3860,2403,4120,2346,3764,2539,3993,2450,4223,2422,1184,1470,1630,1601,2500,1185
agarici 352503,agarici,1427,769,1341,771,1081,815,1005,829,929,834,933,848,1010,796,149,848,130,562,520,353,883,307,1286,592,1248,651,1340,702,698,750,864,749,925,761,751,616,914,647,901,503,966,517,1031,685,1061,757,967,794,1118,731,1197,697,1095,784,1169,740,1238,716,345,590,482,604,702,441
largifrontalis 352329,largifrontalis,1428,820,1353,822,1060,845,942,861,853,862,860,882,958,826,62,726,130,431,491,298,832,292,1291,642,1241,694,1366,765,628,724,779,740,852,765,684,594,845,635,845,503,932,528,1004,706,1036,785,1015,795,1135,750,1204,727,1103,802,1188,769,1251,757,288,497,392,538,634,398
agarici 352471,agarici,1452,773,1396,776,1100,805,1011,815,938,815,942,833,1026,780,140,749,147,463,602,272,970,263,1337,582,1284,644,1400,709,704,709,879,721,944,737,790,576,951,618,960,466,1024,486,1066,664,1084,746,1021,766,1156,714,1250,681,1119,770,1204,729,1293,707,368,512,503,539,764,384
largifrontalis 352370,largifrontalis,1462,766,1389,769,1091,807,981,823,901,824,912,846,1003,784,137,712,185,404,510,268,874,258,1320,595,1280,647,1396,712,664,682,809,697,894,723,703,539,891,584,882,459,966,485,1025,642,1068,747,1051,754,1166,702,1230,680,1142,759,1227,721,1278,706,343,463,470,506,684,375
lombardorum 352441,lombardorum,1410,879,1333,878,1119,895,1046,897,977,897,973,919,1053,872,226,826,258,520,683,389,1001,409,1289,717,1265,774,1332,822,787,800,931,819,977,838,856,686,984,739,990,604,1052,628,1094,794,1107,842,1023,866,1163,823,1237,806,1126,872,1212,839,1270,833,466,596,593,628,807,513
largifrontalis 352349,largifrontalis,1471,845,1405,847,1114,879,1003,897,919,905,928,923,1019,865,109,816,157,512,540,356,913,335,1321,675,1281,732,1412,792,662,775,833,783,915,812,736,639,917,682,913,561,1004,584,1069,757,1095,823,1055,839,1181,786,1251,754,1148,842,1233,800,1304,788,337,574,462,610,697,465
nigra 352492,nigra,1449,863,1373,852,1067,863,960,861,879,863,881,872,972,833,101,741,153,452,590,287,958,286,1327,657,1287,704,1383,788,636,728,821,754,887,782,750,610,904,651,928,506,1005,533,1034,704,1054,792,955,818,1124,771,1223,747,1086,833,1175,788,1259,770,340,518,452,552,724,410
agarici 352595,agarici,1379,765,1310,771,1065,797,1001,804,928,808,933,822,1007,777,195,759,207,484,578,332,921,313,1272,621,1229,666,1316,718,738,720,875,730,930,742,781,602,927,639,926,509,988,526,1032,674,1053,746,995,766,1122,720,1188,698,1091,765,1166,732,1225,719,391,539,509,566,729,429
largifrontalis 352371,largifrontalis,1396,829,1324,830,1046,856,944,858,855,854,866,872,961,828,97,684,161,380,524,275,887,307,1265,671,1219,717,1333,782,624,704,780,732,859,761,695,577,866,632,875,506,955,539,1005,717,1030,799,1037,798,1144,758,1199,744,1118,807,1191,781,1247,777,329,465,446,513,683,403
lombardorum 352303,lombardorum,1445,769,1366,775,1115,814,1043,822,960,820,974,837,1050,786,152,745,173,416,610,257,955,272,1295,594,1280,663,1370,717,769,722,908,739,962,751,803,574,962,630,958,480,1025,509,1077,689,1094,752,1039,768,1171,717,1239,688,1149,769,1231,735,1291,723,387,492,519,527,763,381
nigra 352524,nigra,1327,780,1267,780,998,800,896,803,827,799,836,813,911,775,192,685,228,451,613,319,938,320,1225,621,1192,668,1273,726,627,686,785,706,844,728,730,582,871,624,898,508,964,529,983,667,991,745,951,756,1071,719,1150,700,1034,764,1105,732,1176,717,399,506,498,538,735,420
largifrontalis 352368,largifrontalis,1512,728,1432,735,1129,782,1013,799,913,805,927,826,1028,766,87,722,96,419,489,227,891,198,1366,569,1320,621,1441,684,627,667,819,681,909,705,709,529,905,567,898,426,994,456,1067,636,1102,726,1081,734,1208,681,1273,654,1178,737,1265,700,1332,684,294,465,430,500,684,333
M_warreni_377011R,warreni,4728,2483,4443,2480,3485,2492,3122,2534,2851,2532,2864,2598,3175,2427,283,2048,359,1085,1600,602,2926,588,4278,1850,4157,2053,4472,2273,2120,2109,2612,2163,2863,2221,2279,1649,2878,1835,2896,1348,3180,1452,3355,2049,3430,2305,3245,2356,3724,2234,3982,2175,3591,2392,3890,2291,4119,2265,974,1289,1400,1432,2177,1003
largifrontalis 352326,largifrontalis,1383,704,1318,700,1046,723,942,736,850,739,852,750,957,704,117,655,134,380,489,238,810,222,1248,529,1212,582,1324,648,616,620,771,632,845,658,675,490,833,528,827,406,911,430,988,597,1024,668,974,684,1099,638,1166,615,1077,690,1153,654,1211,638,312,434,427,459,636,328
pleuralis 352537,pleuralis,1414,781,1342,784,1054,817,861,835,776,834,782,847,875,803,136,732,143,504,491,309,850,266,1283,599,1236,664,1353,723,525,706,710,718,786,735,633,572,806,606,823,469,938,499,1003,676,1026,745,955,769,1094,727,1180,696,1099,774,1154,741,1225,721,309,530,413,551,643,397
agarici 352477,agarici,1432,782,1366,779,1100,796,1027,800,941,799,951,819,1033,770,137,688,161,378,593,233,1005,239,1330,597,1285,650,1377,716,724,680,883,703,949,726,789,549,962,611,978,462,1047,487,1079,668,1090,736,1030,750,1165,709,1238,686,1127,760,1206,723,1270,707,361,462,497,499,764,361
M_warreni_360759R,warreni,4944,2631,4639,2595,3638,2608,3256,2631,2991,2614,3029,2688,3300,2526,357,2095,419,1095,1879,606,3262,659,4525,1930,4362,2146,4677,2387,2107,2093,2761,2199,3037,2283,2473,1678,3090,1901,3163,1375,3422,1487,3544,2120,3599,2402,3399,2450,3881,2325,4169,2257,3771,2493,4050,2385,4314,2360,1124,1345,1597,1482,2483,1044
aterrima 352544,aterrima,1373,745,1315,752,1051,794,953,815,857,828,868,842,967,783,178,784,190,534,515,352,837,312,1249,597,1211,649,1320,698,616,719,786,719,856,736,693,594,852,613,846,496,933,516,997,661,1033,742,991,759,1104,709,1170,679,1083,758,1153,719,1214,700,351,567,457,583,660,437
basispinata 352583,basispinata,1418,713,1347,725,1102,783,939,822,845,838,855,851,944,797,157,801,163,545,530,338,869,284,1269,566,1237,626,1351,670,619,739,785,740,850,747,702,609,856,623,862,491,981,511,1056,676,1075,718,1033,744,1142,691,1212,657,1129,738,1186,698,1253,677,339,575,443,593,673,426
largifrontalis 352369,largifrontalis,1488,871,1418,863,1118,893,992,902,904,901,908,916,1016,865,83,741,138,448,517,294,919,316,1368,694,1317,743,1432,808,633,744,814,769,909,799,705,597,909,651,911,527,1002,563,1055,721,1093,833,1099,831,1201,794,1265,773,1191,842,1259,813,1328,805,310,509,448,556,701,429
M_warreni_377011L,warreni,4733,2413,4446,2405,3514,2456,3169,2496,2919,2502,2951,2562,3233,2393,386,2144,395,1187,1605,616,2909,556,4296,1785,4177,1988,4471,2204,2131,2091,2666,2137,2918,2191,2309,1625,2916,1804,2913,1307,3179,1403,3368,1996,3455,2271,3259,2329,3730,2189,3991,2118,3626,2352,3882,2235,4118,2198,1030,1338,1474,1459,2217,992
lombardorum 352426,lombardorum,1371,706,1302,714,1062,756,998,769,933,778,943,791,1009,740,181,763,159,450,551,284,851,276,1223,548,1218,613,1301,661,736,691,871,698,925,711,763,555,905,597,884,462,945,473,1013,639,1042,708,986,730,1118,672,1186,645,1080,723,1166,681,1225,668,381,499,511,527,687,388
sordida 352556,sordida,1413,700,1341,713,1077,798,918,849,845,866,853,875,924,822,138,897,134,632,473,417,830,322,1251,565,1229,622,1340,657,601,785,766,769,842,780,671,655,839,658,835,528,942,533,1021,686,1051,742,1015,763,1126,697,1191,658,1109,747,1173,703,1237,674,306,653,421,658,629,482
basispinata 352535,basispinata,1415,717,1341,728,1065,783,919,812,837,815,841,828,934,778,136,746,162,497,524,314,862,265,1265,561,1234,622,1259,650,597,701,774,706,846,724,692,577,850,596,855,477,956,497,1016,647,1045,723,1013,734,1122,687,1193,656,1106,732,1168,696,1231,675,327,539,424,556,658,401
largifrontalis 352357,largifrontalis,1412,841,1351,840,1090,836,959,844,870,835,886,857,978,814,131,664,192,390,572,286,940,324,1303,675,1250,723,1355,790,655,693,812,723,878,757,730,575,896,631,913,510,1008,552,1062,737,1074,778,1029,790,1155,758,1217,743,1129,806,1214,784,1270,782,359,466,482,516,735,410
M_warreni_360760R,warreni,4769,2611,4493,2587,3578,2621,3223,2652,2987,2651,3037,2716,3253,2569,401,2202,501,1187,1844,744,3091,768,4332,1987,4218,2185,4502,2398,2191,2184,2760,2274,3004,2353,2478,1804,3023,2002,3050,1501,3310,1598,3475,2227,3532,2447,3393,2483,3843,2359,4081,2299,3712,2513,3989,2410,4205,2386,1173,1420,1593,1565,2367,1152
tect352578,tecticauda,1508,760,1423,774,1149,819,1061,835,987,851,1004,863,1057,815,197,803,186,562,540,352,927,292,1368,605,1331,663,1429,716,726,758,898,756,981,769,783,627,968,665,952,516,1024,531,1100,705,1128,768,1107,779,1202,736,1280,704,1177,781,1241,745,1321,724,369,584,490,594,722,440
sulphurizona 352501,sulphurizona,1405,690,1328,703,1067,763,990,780,919,789,924,805,987,754,157,754,174,520,545,321,875,281,1254,546,1232,605,1327,648,690,706,856,710,916,726,761,592,905,615,893,480,960,495,1021,644,1044,707,1028,719,1119,670,1194,638,1109,714,1162,677,1225,653,334,553,434,572,678,411
lombardorum 352422,lombardorum,1348,736,1280,739,1067,791,1007,806,928,822,932,834,1005,782,195,908,141,634,502,438,805,387,1185,596,1196,660,1275,689,706,770,850,755,908,757,733,644,886,661,851,545,916,553,1003,689,1039,745,951,793,1072,724,1145,685,1061,777,1119,728,1182,704,359,655,485,660,661,511
agarici 352512,agarici,1472,725,1398,734,1104,794,1032,808,960,813,963,829,1042,774,169,788,161,527,557,317,919,269,1336,568,1296,625,1397,676,724,728,890,725,959,739,782,590,950,613,940,475,1001,490,1055,647,1088,738,1043,752,1174,698,1252,661,1145,749,1217,705,1288,681,364,561,477,578,722,406
nigra 352494,nigra,1422,805,1345,804,1057,821,955,828,883,827,894,842,975,795,129,682,184,417,602,271,941,289,1292,627,1254,681,1346,748,667,695,837,725,896,746,765,583,908,627,924,494,993,516,1029,681,1048,760,1008,770,1133,732,1214,710,1104,783,1179,746,1261,739,359,481,466,517,736,389
largifrontalis 352354,largifrontalis,1338,761,1293,746,1086,758,994,768,926,769,926,785,1001,744,232,681,253,414,550,317,865,323,1225,594,1200,628,1345,713,729,662,854,675,919,698,748,549,901,585,889,486,959,504,1029,639,1061,702,1009,725,1100,682,1151,661,1088,732,1148,696,1188,683,407,483,514,520,704,413
M_tecticauda_366200,tecticauda,4606,2463,4361,2445,3467,2465,3188,2486,2959,2482,2997,2542,3210,2404,442,2116,457,1240,1797,706,3045,694,4228,1855,4118,2058,4408,2250,2139,2073,2742,2151,2972,2208,2457,1713,2987,1891,3010,1415,3237,1496,3370,2054,3430,2303,3220,2349,3674,2233,3954,2168,3565,2378,3820,2278,4064,2243,1121,1410,1539,1516,2331,1082
basispinata_352535bb,basispinata,1422,713,1343,725,1065,778,922,807,838,818,853,832,935,780,140,749,163,503,523,315,870,267,1265,558,1233,619,1344,671,595,702,772,706,843,722,689,578,850,593,860,476,963,496,1017,646,1048,719,1033,728,1136,681,1201,648,1116,729,1176,692,1251,671,326,535,429,552,663,402
lombardorum 352412,lombardorum,1513,723,1454,734,1193,796,1103,824,1029,834,1043,852,1114,795,187,867,149,529,601,299,983,279,1371,572,1359,645,1456,685,797,753,966,758,1024,765,846,605,1014,649,1004,492,1078,515,1149,694,1172,744,1113,771,1249,706,1329,670,1224,761,1315,714,1380,699,405,571,564,590,787,422
pleuralis 352580,pleuralis,1406,796,1353,796,1050,825,856,835,779,833,779,842,885,799,153,688,173,467,549,304,909,281,1293,609,1250,675,1344,742,556,693,730,710,803,731,668,575,832,608,860,479,972,512,1015,681,1036,750,997,760,1116,726,1208,704,1115,772,1177,744,1251,730,339,497,443,528,687,401
agarici 352519,agarici,1430,753,1363,761,1097,793,1026,802,950,808,959,822,1035,775,182,759,187,464,583,294,916,267,1316,587,1275,645,1367,698,727,704,887,713,948,730,793,584,941,617,934,483,1001,497,1053,656,1083,740,1023,759,1156,707,1230,679,1124,759,1198,719,1266,702,386,521,495,547,727,392
lombardorum 352418,lombardorum,1341,778,1275,776,1054,814,989,819,916,822,921,836,995,796,190,784,167,480,546,330,869,333,1227,623,1210,691,1283,738,706,726,850,738,907,751,748,599,899,648,889,518,954,543,1010,694,1034,763,971,778,1106,731,1174,712,1084,778,1160,746,1208,739,379,542,512,571,701,445
agarici 352586,agarici,1440,752,1366,783,1095,865,1020,888,945,905,951,916,1024,855,138,974,108,670,495,423,871,345,1306,619,1259,680,1355,718,671,828,861,816,934,822,738,683,917,697,900,559,968,565,1037,721,1073,808,1035,833,1150,762,1223,722,1127,820,1189,766,1260,736,320,692,469,692,679,510
largifrontalis 352372,largifrontalis,1411,788,1335,784,1065,804,950,819,864,816,873,835,966,789,135,669,178,396,501,281,878,282,1276,628,1230,674,1347,737,628,672,785,694,868,730,695,555,873,597,871,488,965,516,1027,686,1049,747,1034,752,1142,715,1198,698,1119,763,1191,732,1249,727,326,463,443,511,663,395
lombardorum 352549,lombardorum,1293,788,1244,785,1057,814,997,823,938,828,938,840,1003,799,368,833,352,580,657,450,906,434,1192,659,1177,710,1243,746,783,764,890,767,933,776,812,660,926,689,918,578,972,595,1024,725,1042,772,963,801,1087,750,1145,731,1064,795,1122,759,1176,748,525,626,625,642,774,530
sordida 352448,sordida,1398,740,1327,741,1065,807,917,838,836,852,844,859,921,814,113,816,151,565,496,380,866,326,1256,589,1216,644,1336,692,601,754,765,754,840,768,671,624,850,651,858,512,952,535,1020,701,1038,749,1024,758,1123,707,1184,677,1115,752,1171,715,1223,697,301,594,423,614,660,461
M_warreni_366206,warreni,4857,2511,4569,2508,3635,2554,3248,2597,3009,2596,3029,2661,3274,2500,391,2096,498,1096,1844,597,3254,620,4438,1897,4298,2084,4593,2301,2255,2145,2799,2237,3044,2308,2490,1707,3092,1920,3155,1399,3427,1509,3551,2136,3595,2355,3439,2398,3880,2269,4130,2200,3763,2429,4030,2321,4251,2285,1128,1335,1573,1489,2441,1040
largifrontalis 352392,largifrontalis,1471,751,1384,749,1099,790,988,809,906,813,921,829,1004,775,84,734,98,451,475,279,865,276,1310,578,1275,631,1391,694,622,686,811,696,899,721,693,548,889,584,881,457,958,480,1033,641,1077,736,1046,743,1156,696,1234,669,1145,747,1213,711,1278,695,285,501,423,532,673,388
agarici 352481,agarici,1418,843,1357,838,1075,856,999,858,909,852,911,871,1005,829,160,737,173,462,607,303,998,317,1316,663,1270,718,1363,777,677,734,851,756,917,775,774,614,938,666,961,529,1032,553,1055,718,1067,796,1004,809,1144,773,1225,745,1115,817,1184,784,1261,771,379,527,506,563,763,433
agarici 352506,agarici,1490,737,1405,752,1112,813,1026,832,945,836,950,857,1032,797,156,819,162,515,571,323,934,272,1336,566,1296,631,1404,687,715,745,877,747,944,758,769,597,943,636,941,483,1013,503,1071,676,1093,750,1045,774,1173,712,1250,674,1140,770,1221,718,1287,693,379,561,504,578,729,419
nigra 352480,nigra,1394,697,1321,698,1024,757,913,777,833,781,836,798,923,741,83,753,93,473,503,266,861,223,1244,512,1212,578,1325,629,591,682,767,684,834,698,688,550,840,570,851,437,931,445,979,610,1003,694,956,711,1089,654,1171,621,1071,707,1137,667,1209,642,286,514,405,534,656,366
tecNHMB5,tecticauda,2273,1239,2136,1252,1729,1294,1596,1316,1494,1327,1505,1361,1598,1288,195,1208,240,821,843,546,1398,483,2065,998,2002,1080,2140,1163,1120,1176,1378,1187,1484,1205,1206,981,1460,1043,1432,819,1550,856,1650,1107,1695,1215,1654,1237,1811,1172,1923,1133,1778,1241,1871,1191,1984,1165,511,875,681,910,1073,682
largifrontalis 352378,largifrontalis,1478,786,1450,769,1172,803,1055,830,949,847,962,861,1063,799,119,809,108,501,456,299,893,282,1351,590,1330,634,1488,736,640,723,836,724,938,748,699,573,923,602,908,470,1007,488,1105,674,1142,745,1051,784,1191,718,1263,683,1178,781,1251,731,1303,704,298,534,477,565,703,413
nigra 352462,nigra,1424,769,1353,772,1065,801,963,812,888,816,894,833,971,787,165,733,205,482,610,313,935,298,1301,598,1264,647,1360,709,678,707,841,723,895,739,765,591,905,623,918,490,991,505,1032,662,1055,743,1010,759,1129,714,1215,685,1099,764,1172,726,1251,707,384,528,489,554,744,408
agarici 352533,agarici,1360,727,1301,737,1051,787,977,806,913,814,920,827,979,781,220,850,212,573,584,381,911,339,1239,593,1204,641,1297,685,722,746,861,739,915,750,775,628,915,649,915,526,977,536,1022,680,1039,738,957,770,1103,706,1174,672,1065,761,1145,713,1217,693,409,610,530,621,729,473
lombardorum 352428,lombardorum,1487,811,1411,818,1146,865,1062,878,979,878,992,898,1068,854,153,799,155,431,641,292,969,312,1358,654,1346,724,1413,778,771,766,921,787,975,799,841,629,974,683,969,526,1041,546,1107,747,1127,807,1106,817,1230,769,1306,747,1197,820,1298,786,1343,781,406,536,533,573,767,427
M_warreni_366207,warreni,4855,2480,4535,2503,3590,2572,3250,2608,3008,2614,3060,2673,3274,2505,459,2236,485,1207,1762,724,3165,701,4368,1850,4234,2072,4550,2290,2195,2162,2754,2227,3032,2307,2438,1749,3062,1942,3103,1453,3356,1541,3488,2119,3545,2374,3371,2427,3824,2276,4065,2202,3692,2448,3975,2324,4195,2285,1151,1433,1618,1576,2396,1138
arizonensis 352457,arizonensis,1487,726,1427,728,1140,773,1069,784,987,790,991,809,1077,748,140,727,169,424,560,236,949,201,1357,542,1330,603,1430,667,754,687,909,696,979,709,808,563,969,602,960,431,1029,448,1093,641,1116,713,1077,731,1199,675,1280,646,1163,730,1246,685,1315,666,350,478,472,512,726,346
largifrontalis 352333,largifrontalis,1438,869,1379,861,1073,866,962,874,872,868,878,888,988,836,75,687,135,381,504,259,899,274,1318,674,1267,726,1386,805,628,704,796,734,873,766,691,565,881,622,885,492,977,530,1027,706,1057,803,1030,812,1150,772,1224,753,1122,823,1208,792,1271,785,309,452,437,503,687,381
nigra 352599,nigra,1371,774,1310,775,1015,807,898,814,825,816,829,828,911,788,135,697,187,441,601,295,931,294,1253,608,1219,660,1310,722,611,693,781,718,844,739,724,583,864,620,888,493,969,512,996,671,1011,745,990,757,1102,714,1183,689,1068,761,1142,728,1216,711,362,500,461,534,718,402
largifrontalis 352360,largifrontalis,1456,766,1396,777,1131,826,1032,843,945,850,957,868,1050,808,144,773,182,459,549,324,906,308,1342,629,1290,680,1397,724,687,723,858,745,938,771,743,586,928,632,918,506,1003,534,1079,709,1106,771,1088,782,1203,734,1257,707,1176,781,1255,748,1311,734,371,523,493,556,714,420
pleuralis 352455,pleuralis,1444,763,1378,762,1065,810,838,839,746,829,749,845,862,798,100,733,112,505,431,316,813,261,1307,568,1268,632,1430,699,513,704,683,717,759,738,591,573,774,600,792,467,924,494,1001,662,1039,737,983,750,1117,706,1212,679,1118,757,1180,717,1242,698,257,532,373,552,596,402
nigra 352498,nigra,1404,711,1342,728,1059,792,978,805,896,814,898,831,992,771,155,792,149,526,566,341,911,299,1286,567,1247,621,1338,664,654,723,829,722,897,732,744,602,901,620,908,497,975,506,1020,653,1042,736,1022,745,1133,694,1208,659,1107,743,1169,701,1244,679,355,572,473,586,708,432
sulphurizona 352493,sulphurizona,1441,818,1356,809,1089,848,995,864,915,867,915,881,994,838,155,761,194,543,589,358,934,336,1303,644,1270,701,1373,752,667,757,858,771,911,790,769,644,919,674,925,540,1002,560,1050,719,1071,796,1058,799,1148,758,1221,730,1133,804,1195,770,1256,751,359,577,451,599,725,454
agarici 352597,agarici,1460,840,1385,846,1087,853,1015,851,931,842,935,863,1023,823,122,687,171,410,634,263,989,281,1357,663,1303,720,1396,783,708,714,883,743,944,763,805,591,957,649,970,505,1035,536,1064,706,1078,795,1042,803,1167,769,1257,747,1136,814,1213,787,1296,777,380,477,498,514,769,386
arizonensis 352534,arizonensis,1450,787,1385,795,1122,834,1064,842,998,847,998,861,1066,815,197,778,205,542,608,337,985,319,1315,629,1296,689,1381,742,762,755,943,768,1002,785,851,649,998,689,995,529,1049,542,1097,717,1112,776,1092,789,1179,750,1263,720,1155,791,1223,758,1293,740,387,575,509,597,761,451
arizonensis 352563,arizonensis,1433,813,1366,820,1121,849,1059,859,989,861,992,877,1061,835,229,789,259,516,622,365,956,349,1312,664,1284,715,1364,768,795,765,933,778,991,793,846,661,984,704,973,548,1029,562,1086,734,1107,797,1070,812,1175,766,1247,745,1149,810,1215,777,1281,766,426,578,530,607,765,466
nigra 352570,nigra,1330,753,1261,751,972,775,859,787,785,784,789,800,875,760,110,696,121,416,521,260,872,261,1216,587,1179,637,1268,698,575,664,737,684,799,707,669,546,816,586,842,450,914,475,945,640,964,722,917,735,1058,689,1137,666,1017,739,1097,705,1174,688,314,478,432,506,670,372
largifrontalis 352374,largifrontalis,1446,855,1369,852,1077,871,962,871,882,871,886,889,976,844,97,705,131,412,513,291,916,326,1314,689,1263,740,1379,801,634,718,813,755,892,789,709,593,900,658,905,535,991,567,1037,744,1060,815,1065,815,1180,783,1237,763,1149,827,1231,804,1291,800,323,483,457,537,703,426
albizona-7,albizona,4747,2566,4459,2536,3442,2568,3121,2584,2873,2578,2899,2635,3175,2482,305,2146,463,1232,1920,684,3312,761,4289,1900,4178,2101,4521,2341,2076,2133,2697,2228,2933,2329,2456,1749,3032,1919,3140,1472,3368,1559,3406,2095,3425,2362,3227,2420,3680,2281,4007,2205,3575,2453,3848,2336,4150,2309,1086,1440,1541,1577,2489,1140
arizonensis 352593,arizonensis,1449,781,1384,782,1137,829,1079,839,1002,858,1009,872,1077,813,196,880,161,595,575,364,981,334,1312,615,1289,668,1390,730,742,777,926,771,999,783,836,667,998,701,991,544,1052,556,1103,722,1119,773,1045,811,1156,752,1243,713,1141,804,1205,756,1281,731,379,630,529,651,771,480
basispinata_352583bb,basispinata,1425,711,1347,725,1096,787,937,822,847,839,860,850,945,796,160,805,164,548,539,340,877,285,1272,562,1240,625,1351,670,621,740,791,740,855,751,708,607,860,624,865,493,982,513,1051,680,1071,720,1035,740,1144,688,1212,655,1130,737,1190,695,1261,677,346,580,450,596,680,429
nigra 352596,nigra,1406,872,1320,861,1025,855,923,852,842,841,844,855,943,814,157,706,198,435,622,283,979,302,1310,668,1248,701,1340,790,623,702,799,735,862,762,742,591,891,637,926,505,998,530,1011,691,1020,788,908,804,1071,766,1167,736,1045,828,1114,783,1199,764,383,499,495,540,761,406
nigra 352467,nigra,1371,726,1301,731,1017,777,907,794,844,796,845,808,915,769,144,751,163,509,542,319,865,286,1232,569,1207,622,1299,677,638,708,793,711,848,727,716,588,856,609,858,484,935,497,981,643,1004,720,965,733,1086,685,1167,654,1056,732,1131,695,1202,673,337,543,434,561,670,407
M_warreni_366198,warreni,4720,2648,4437,2635,3516,2661,3184,2692,2938,2700,2973,2778,3194,2622,363,2348,460,1413,1692,913,2974,838,4284,2028,4157,2228,4457,2449,2195,2314,2706,2368,2943,2435,2391,1917,2949,2081,2958,1587,3223,1675,3393,2252,3466,2492,3238,2552,3722,2416,3979,2348,3585,2577,3884,2466,4117,2435,1056,1600,1445,1723,2236,1263
largifrontalis 352317,largifrontalis,1404,911,1328,888,1058,881,951,886,859,882,866,894,969,854,100,730,145,441,508,332,917,363,1281,714,1235,760,1340,843,626,736,784,765,867,799,682,610,884,668,897,556,981,590,1021,749,1042,825,961,841,1106,807,1178,787,1071,858,1154,825,1216,814,328,510,474,564,709,461
arizonensis 352561,arizonensis,1377,787,1297,797,1066,828,1005,840,947,846,948,858,1013,809,209,800,207,541,584,349,940,336,1236,638,1214,693,1296,744,722,752,887,761,947,772,811,654,945,692,945,541,1001,554,1043,720,1054,771,1008,795,1102,749,1185,720,1080,796,1144,758,1215,743,387,587,512,612,743,462
arizonensis 352472,arizonensis,1384,726,1333,726,1082,767,1026,782,955,790,958,802,1033,749,177,765,168,525,517,328,888,279,1257,566,1239,625,1327,673,695,701,872,704,942,719,767,595,931,630,912,485,975,496,1037,653,1063,714,1023,736,1113,687,1198,658,1096,734,1162,694,1231,673,348,551,464,569,697,407
largifrontalis 352348,largifrontalis,1561,772,1479,786,1172,855,1049,876,952,884,967,905,1064,841,88,793,95,472,479,305,908,282,1396,622,1351,693,1491,740,692,753,856,765,947,793,730,602,935,637,925,510,1027,533,1105,701,1148,795,1172,787,1274,736,1330,710,1257,785,1349,752,1402,743,298,530,440,572,691,417
agarici 352552,agarici,1326,762,1253,761,978,758,907,753,838,753,841,766,912,731,158,630,176,376,584,244,926,268,1247,610,1185,643,1257,707,626,632,792,657,855,681,724,523,874,569,897,447,951,469,965,619,975,705,896,719,1045,688,1136,670,1004,733,1091,705,1169,695,371,441,495,477,736,361
agarici 352486,agarici,1432,846,1359,831,1077,838,1018,838,936,830,941,850,1043,801,147,683,203,396,658,272,1002,302,1329,646,1286,705,1375,770,725,705,887,731,947,753,812,582,961,644,976,499,1034,523,1056,694,1069,778,999,788,1152,756,1234,732,1115,805,1199,771,1269,758,417,466,536,510,799,396
lombardorum 352469,lombardorum,1363,727,1299,722,1077,749,1007,756,932,756,935,777,1011,735,260,740,243,458,607,295,898,282,1236,565,1223,624,1304,671,741,671,878,685,926,694,790,557,921,595,909,463,978,488,1034,641,1055,698,966,732,1107,675,1182,650,1084,731,1154,685,1217,672,443,505,553,529,739,390
lombardorum_352313corr,lombardorum,1492,781,1405,794,1166,821,1080,839,1009,846,1027,863,1090,814,206,842,179,529,586,357,950,363,1343,647,1320,710,1411,747,794,760,946,769,1001,781,832,633,991,678,976,551,1058,573,1130,732,1150,779,1058,806,1225,752,1295,729,1189,800,1297,765,1351,760,406,584,569,612,766,480
pleuralis 352568,pleuralis,1388,813,1330,816,1062,835,862,842,772,837,781,847,876,814,138,677,188,454,538,309,900,300,1276,632,1229,693,1336,756,542,688,720,717,794,745,656,578,821,619,853,497,973,534,1025,713,1042,764,978,779,1101,748,1184,726,1101,792,1158,764,1222,749,327,499,434,530,673,410
nigra 352500,nigra,1507,846,1443,848,1106,880,1005,894,913,895,915,910,1013,860,122,800,144,501,601,322,966,319,1387,659,1343,715,1445,778,662,767,853,787,922,812,771,635,935,674,949,526,1024,549,1066,719,1089,820,1049,835,1189,779,1288,750,1158,836,1242,796,1330,779,355,565,473,599,751,439
aterrima 352466,aterrima,1406,777,1344,775,1069,798,961,809,875,812,878,829,975,779,190,704,224,449,589,312,921,305,1295,617,1249,658,1359,721,654,688,809,706,878,721,736,572,888,602,901,492,984,513,1028,658,1053,737,1010,753,1126,709,1201,684,1103,757,1179,724,1247,713,390,503,497,533,721,411
lombardorum 352430,lombardorum,1495,714,1398,706,1131,702,1059,701,977,699,977,720,1068,681,156,700,186,462,658,342,1015,327,1338,535,1329,591,1409,647,763,638,930,643,984,650,826,526,994,564,1007,464,1066,482,1102,603,1115,649,984,704,1122,648,1224,619,1117,701,1168,657,1262,637,444,494,583,513,800,418
largifrontalis 352331,largifrontalis,1360,818,1289,812,1020,830,905,841,819,841,828,860,932,809,74,724,109,441,473,317,840,342,1230,647,1187,700,1298,760,575,705,743,726,821,757,648,583,828,630,834,518,914,543,973,701,1002,775,956,788,1080,747,1144,726,1054,798,1126,761,1193,754,290,506,425,550,645,440
mikejohnsoni 352529,mikejohnsoni,1371,902,1304,888,1045,868,922,861,834,846,840,861,932,837,212,668,259,389,632,316,958,360,1287,726,1246,779,1317,838,637,694,789,731,854,761,733,585,883,647,915,525,995,568,1021,730,1035,812,964,821,1119,801,1195,799,1084,846,1163,824,1227,824,440,476,564,526,778,439
largifrontalis 352380,largifrontalis,1479,813,1410,812,1118,842,1000,855,904,861,906,882,1007,828,91,751,131,443,525,302,896,289,1342,636,1304,696,1422,752,636,722,815,735,897,764,714,586,898,629,897,499,990,530,1059,704,1095,784,1058,799,1180,752,1259,724,1150,805,1240,768,1304,752,331,512,451,548,697,406
tectNHME23,tecticauda,2267,1166,2135,1184,1736,1271,1602,1305,1486,1318,1501,1342,1596,1273,313,1260,277,853,862,557,1436,483,2050,928,1990,1025,2131,1099,1082,1165,1366,1168,1479,1180,1206,967,1465,1019,1454,808,1568,832,1658,1075,1701,1185,1688,1194,1826,1123,1936,1079,1807,1194,1908,1138,2002,1110,587,903,782,931,1120,697
agarici 352508,agarici,1423,800,1350,802,1078,826,1003,829,926,828,926,847,1016,800,101,717,138,406,584,263,945,266,1327,619,1266,677,1363,740,722,717,877,737,932,752,782,585,937,638,940,478,1004,504,1048,691,1066,768,1034,777,1154,734,1226,711,1119,784,1193,747,1261,736,352,485,466,522,740,374
lombardorum 352411,lombardorum,1434,749,1380,746,1132,788,1053,794,979,800,983,821,1053,769,216,789,205,452,634,285,954,281,1297,568,1290,639,1384,699,790,709,925,715,978,728,833,575,977,619,967,477,1034,499,1094,673,1113,724,1018,758,1172,694,1251,666,1142,753,1236,707,1300,694,438,520,562,546,780,394
wiegmanae 352488,wiegmanae,1504,841,1418,841,1153,847,1021,847,909,843,909,859,1030,821,185,748,175,483,606,309,915,300,1384,636,1349,717,1427,775,624,705,841,730,909,747,757,582,913,619,914,475,1005,506,1080,688,1122,786,973,811,1178,777,1282,754,1158,825,1236,792,1317,782,408,514,528,540,763,401
largifrontalis 352398,largifrontalis,1470,794,1405,786,1119,814,1004,831,911,839,921,852,1015,798,109,734,143,428,533,277,913,265,1342,604,1300,655,1415,732,649,701,823,719,908,745,714,556,910,602,914,470,998,491,1065,668,1094,751,1039,774,1166,721,1240,693,1148,777,1223,736,1286,718,335,490,470,522,705,388
lombardorum 352427,lombardorum,1477,799,1387,811,1135,847,1056,864,991,868,1003,893,1063,843,200,872,159,580,594,406,928,372,1315,664,1291,728,1390,764,780,800,930,804,986,813,834,688,975,721,956,585,1025,599,1095,764,1114,805,1024,833,1184,773,1263,748,1141,828,1251,787,1319,777,396,636,513,655,738,497
lombardorum 352463,lombardorum,1441,779,1355,778,1110,798,1035,804,958,805,964,821,1035,781,164,737,141,440,588,274,901,277,1307,597,1283,666,1359,723,707,700,889,714,941,723,782,557,932,611,918,470,990,497,1059,666,1086,737,1002,766,1137,717,1223,696,1119,771,1193,734,1264,721,392,488,506,521,720,384
lombardorum 352402,lombardorum,1373,771,1308,779,1092,807,1023,816,964,819,972,838,1028,793,240,801,226,497,627,329,950,337,1245,628,1233,694,1308,728,752,731,906,741,958,757,817,611,954,660,953,528,1015,552,1064,714,1078,757,1000,787,1126,733,1202,713,1098,784,1183,749,1239,738,443,555,587,575,771,453
pleuralis 352525,pleuralis,1404,813,1354,814,1039,845,840,858,759,856,768,872,858,825,111,751,127,531,459,354,861,316,1286,641,1244,704,1360,756,526,740,691,748,773,769,609,611,798,645,825,518,939,550,994,709,1017,779,944,798,1101,756,1192,736,1093,804,1166,774,1242,758,282,557,404,582,644,441
lombardorum 352417,lombardorum,1405,861,1334,842,1072,800,993,792,908,776,912,793,1001,763,94,594,176,274,638,207,1001,266,1308,640,1278,707,1350,786,714,642,862,680,921,704,780,508,941,591,968,454,1031,487,1054,665,1060,737,942,762,1110,731,1206,724,1074,787,1163,759,1241,753,391,375,525,431,773,342
nigra 352587,nigra,1405,851,1333,846,1059,843,962,841,878,828,881,850,970,814,187,644,262,389,713,296,1035,343,1296,674,1260,723,1347,794,686,692,851,737,900,768,808,602,936,654,975,531,1047,561,1054,724,1059,782,1018,792,1140,765,1223,749,1109,809,1183,783,1253,777,451,473,551,514,812,423
agarici 352505,agarici,1485,768,1401,787,1104,844,1021,855,938,861,938,880,1029,826,120,864,124,568,538,381,909,330,1331,606,1288,673,1401,721,708,777,875,781,935,795,761,644,930,674,922,540,996,550,1056,713,1085,783,1007,812,1162,747,1245,715,1138,804,1214,757,1287,734,341,610,464,632,706,469
arizonensis 352485,arizonensis,1379,813,1316,809,1052,816,985,820,914,820,914,830,991,794,149,684,170,428,580,272,970,294,1281,640,1250,692,1330,756,667,691,850,718,919,741,777,597,930,654,949,500,1007,521,1033,696,1043,760,990,777,1101,740,1191,721,1071,786,1140,753,1214,739,357,491,481,527,747,399
agarici 352539,agarici,1443,768,1370,776,1088,808,1014,816,937,820,945,835,1026,784,193,759,186,484,589,295,963,276,1321,610,1274,661,1371,718,715,717,880,725,943,743,793,596,948,637,957,491,1023,513,1061,676,1079,752,1034,766,1158,721,1239,692,1130,770,1202,732,1283,717,391,530,518,555,755,406
albizona-1,albizona,4528,2523,4264,2480,3319,2550,3046,2561,2791,2560,2823,2643,3039,2486,236,2071,389,1218,1804,693,3104,775,4110,1900,4003,2093,4328,2312,1997,2116,2611,2220,2834,2311,2359,1744,2904,1918,2981,1474,3199,1557,3262,2079,3295,2351,3222,2374,3589,2260,3862,2188,3503,2402,3737,2308,3993,2282,997,1402,1410,1541,2320,1130
nigra 352468,nigra,1381,736,1310,728,1028,770,926,788,849,794,855,811,930,765,149,770,166,512,555,313,875,274,1247,561,1213,608,1315,670,648,710,795,713,853,727,717,576,863,600,867,470,943,484,987,636,1012,717,939,744,1082,688,1167,651,1042,741,1124,694,1199,670,350,547,451,563,690,401
mikejohnsoni 352527,mikejohnsoni,1377,997,1313,974,1040,904,905,875,832,849,836,865,925,855,141,539,223,243,677,216,1041,312,1323,792,1267,835,1330,920,625,640,803,719,868,759,760,543,911,648,965,509,1040,565,1041,759,1041,845,960,838,1129,845,1214,852,1080,885,1173,876,1247,892,431,358,552,431,809,370
agarici 352590,agarici,1497,841,1421,849,1137,879,1073,883,985,885,991,898,1081,846,173,812,183,524,609,345,971,338,1364,641,1339,726,1427,783,747,775,922,785,991,801,818,642,986,686,981,537,1040,554,1091,724,1119,815,1041,838,1194,787,1283,759,1179,840,1247,801,1326,784,398,574,530,602,774,454
